received_at,content_type,raw
{"instrument":"CBOT:UB1!","position":"1"}
{"instrument":"CBOT:UB1!","position":"1"}
{"instrument":"CBOT:UB1!","position":"-1"}
{"instrument":"CBOT:UB1!","position":"-1"}
{"instrument":"CBOT:UB1!","position":"-1"}
{"instrument":"CBOT:UB1!","position":"-1"}
{"instrument":"CBOT:UB1!","position":"-1"}
2025-08-22T15:37:03.173270Z,application/json; charset=utf-8,"{""instrument"":""UB1!"",""position"":""{strategy.position_size}""}"
2025-08-22T15:37:03.175073Z,application/json; charset=utf-8,"{""instrument"":""UB1!"",""position"":""{strategy.position_size}""}"
2025-08-22T15:50:47.587543Z,text/plain,"instrument:{{ticker}},position:{{strategy.position_size}}"
2025-08-22T15:51:04.610433Z,text/plain,"instrument:{{ticker}},position:{{strategy.position_size}}"
2025-08-22T15:55:33.207286Z,application/json,"{""instrument"":""CBOT:UB1!"",""position"":""0""}"
2025-08-22T15:57:34.164770Z,application/json,"{""instrument"":""CBOT:UB1!"",""position"":""1""}"
2025-08-22T16:01:15.820492Z,text/plain; charset=utf-8,"instrument:UB1!,position:1"
2025-08-22T16:15:10.633613Z,text/plain; charset=utf-8,"instrument:UB1!,position:0"
2025-08-22T16:15:10.636945Z,text/plain; charset=utf-8,"instrument:UB1!,position:-1"
2025-08-22T16:16:03.888695Z,text/plain; charset=utf-8,"instrument:UB1!,position:1"
2025-08-22T16:16:03.895675Z,text/plain; charset=utf-8,"instrument:UB1!,position:0"
2025-08-22T16:17:03.544839Z,text/plain; charset=utf-8,"instrument:UB1!,position:-1"
2025-08-22T16:17:03.562146Z,text/plain; charset=utf-8,"instrument:UB1!,position:0"
2025-08-22T16:19:01.769500Z,text/plain; charset=utf-8,"instrument:UB1!,position:-1"
2025-08-22T16:19:01.845129Z,text/plain; charset=utf-8,"instrument:UB1!,position:0"
2025-08-22T16:31:03.236597Z,text/plain; charset=utf-8,"instrument:UB1!,position:0"
2025-08-22T16:47:15.129218Z,text/plain; charset=utf-8,"instrument:UB1!,position:0"
2025-08-22T16:47:15.150975Z,text/plain; charset=utf-8,"instrument:UB1!,position:1"
2025-08-22T16:50:15.150975Z,text/plain; charset=utf-8,"instrument:UB1!,position:-1"
2025-08-22T16:50:15.129218Z,text/plain; charset=utf-8,"instrument:UB1!,position:0"
2025-08-22T16:51:15.150975Z,text/plain; charset=utf-8,"instrument:UB1!,position:-1"
2025-08-22T16:51:15.129218Z,text/plain; charset=utf-8,"instrument:UB1!,position:0"
2025-08-22T16:52:01.762701Z,text/plain; charset=utf-8,"instrument:UB1!,position:-1"
2025-08-22T17:00:14.776703Z,text/plain; charset=utf-8,"instrument:UB1!,position:1"
2025-08-22T17:00:15.492948Z,text/plain; charset=utf-8,"instrument:UB1!,position:0"
2025-08-22T17:02:00.722155Z,text/plain; charset=utf-8,"instrument:UB1!,position:0"
2025-08-22T17:02:01.797335Z,text/plain; charset=utf-8,"instrument:UB1!,position:-1"
2025-08-22T17:08:04.911148Z,text/plain; charset=utf-8,"instrument:UB1!,position:0"
2025-08-22T17:08:04.912172Z,text/plain; charset=utf-8,"instrument:UB1!,position:-1"
2025-08-22T17:18:04.911148Z,text/plain; charset=utf-8,"instrument:UB1!,position:0"
2025-08-22T17:18:04.912172Z,text/plain; charset=utf-8,"instrument:UB1!,position:-1"
2025-08-22T17:18:22.911148Z,text/plain; charset=utf-8,"instrument:UB1!,position:0"
2025-08-22T17:18:22.912172Z,text/plain; charset=utf-8,"instrument:UB1!,position:-1"
2025-08-22T17:28:10.100000Z,text/plain; charset=utf-8,"instrument:UB1!,position:0"
2025-08-22T17:28:10.200000Z,text/plain; charset=utf-8,"instrument:UB1!,position:-1"
2025-08-22T17:30:10.100000Z,text/plain; charset=utf-8,"instrument:UB1!,position:0"
2025-08-22T17:30:10.200000Z,text/plain; charset=utf-8,"instrument:UB1!,position:1"
2025-08-22T17:36:10.100000Z,text/plain; charset=utf-8,"instrument:UB1!,position:0"
2025-08-22T17:36:10.200000Z,text/plain; charset=utf-8,"instrument:UB1!,position:1"
2025-08-22T17:37:10.100000Z,text/plain; charset=utf-8,"instrument:UB1!,position:0"
2025-08-22T17:37:10.200000Z,text/plain; charset=utf-8,"instrument:UB1!,position:-1"
2025-08-22T17:43:10.100000Z,text/plain; charset=utf-8,"instrument:UB1!,position:0"
2025-08-22T17:43:10.200000Z,text/plain; charset=utf-8,"instrument:UB1!,position:1"
2025-08-22T17:44:10.100000Z,text/plain; charset=utf-8,"instrument:UB1!,position:0"
2025-08-22T17:44:10.200000Z,text/plain; charset=utf-8,"instrument:UB1!,position:-1"
2025-08-22T18:18:13.568847Z,text/plain; charset=utf-8,"instrument:UB1!,position:0"
2025-08-22T18:18:13.585056Z,text/plain; charset=utf-8,"instrument:UB1!,position:1"
2025-08-22T18:21:13.568847Z,text/plain; charset=utf-8,"instrument:UB1!,position:0"
2025-08-22T18:21:13.585056Z,text/plain; charset=utf-8,"instrument:UB1!,position:1"
2025-08-22T18:22:10.100000Z,text/plain; charset=utf-8,"instrument:UB1!,position:0"
2025-08-22T18:22:10.200000Z,text/plain; charset=utf-8,"instrument:UB1!,position:-1"
2025-08-22T18:23:10.200000Z,text/plain; charset=utf-8,"instrument:UB1!,position:-1"
2025-08-22T18:24:10.100000Z,text/plain; charset=utf-8,"instrument:UB1!,position:0"
2025-08-22T18:24:10.200000Z,text/plain; charset=utf-8,"instrument:UB1!,position:1"
2025-08-22T18:28:10.100000Z,text/plain; charset=utf-8,"instrument:UB1!,position:0"
2025-08-22T18:28:10.200000Z,text/plain; charset=utf-8,"instrument:UB1!,position:1"
2025-08-22T18:30:10.100000Z,text/plain; charset=utf-8,"instrument:UB1!,position:0"
2025-08-22T18:30:10.200000Z,text/plain; charset=utf-8,"instrument:UB1!,position:1"
2025-08-22T18:31:10.100000Z,text/plain; charset=utf-8,"instrument:UB1!,position:0"
2025-08-22T18:31:10.200000Z,text/plain; charset=utf-8,"instrument:UB1!,position:1"
2025-08-22T18:32:10.100000Z,text/plain; charset=utf-8,"instrument:UB1!,position:0"
2025-08-22T18:32:10.200000Z,text/plain; charset=utf-8,"instrument:UB1!,position:-1"
2025-08-22T18:33:01.200000Z,text/plain; charset=utf-8,"instrument:UB1!,position:-1"
2025-08-22T18:39:53.375706Z,text/plain; charset=utf-8,"instrument:UB1!,position:0"
2025-08-22T18:39:53.377006Z,text/plain; charset=utf-8,"instrument:UB1!,position:-1"
2025-08-22T18:45:53.375706Z,text/plain; charset=utf-8,"instrument:UB1!,position:0"
2025-08-22T18:45:53.377006Z,text/plain; charset=utf-8,"instrument:UB1!,position:1"
2025-08-22T18:48:53.375706Z,text/plain; charset=utf-8,"instrument:UB1!,position:0"
2025-08-22T18:48:53.377006Z,text/plain; charset=utf-8,"instrument:UB1!,position:1"
2025-08-22T18:49:01.375706Z,text/plain; charset=utf-8,"instrument:UB1!,position:0"
2025-08-22T18:49:01.377006Z,text/plain; charset=utf-8,"instrument:UB1!,position:1"
2025-08-22T18:53:01.375706Z,text/plain; charset=utf-8,"instrument:UB1!,position:0"
2025-08-22T18:53:01.377006Z,text/plain; charset=utf-8,"instrument:UB1!,position:1"
2025-08-22T18:54:01.375706Z,text/plain; charset=utf-8,"instrument:UB1!,position:0"
2025-08-22T18:54:01.377006Z,text/plain; charset=utf-8,"instrument:UB1!,position:-1"
2025-08-22T18:55:01.377006Z,text/plain; charset=utf-8,"instrument:UB1!,position:-1"
2025-08-22T19:21:27.318513Z,text/plain; charset=utf-8,"instrument:UB1!,position:0"
2025-08-22T19:21:27.321027Z,text/plain; charset=utf-8,"instrument:UB1!,position:1"
2025-08-22T19:35:44.253649Z,text/plain; charset=utf-8,"instrument:UB1!,position:-1"
2025-08-22T19:35:44.254771Z,text/plain; charset=utf-8,"instrument:UB1!,position:0"
2025-08-22T20:10:23.445626Z,text/plain; charset=utf-8,"instrument:UB1!,position:0"
2025-08-22T20:10:23.446505Z,text/plain; charset=utf-8,"instrument:UB1!,position:1"
2025-08-22T20:58:59.723894Z,text/plain; charset=utf-8,"instrument:UB1!,position:-1"
2025-08-22T20:58:59.723102Z,text/plain; charset=utf-8,"instrument:UB1!,position:0"
2025-08-23T20:10:23.445626Z,text/plain; charset=utf-8,"instrument:UB1!,position:0"
2025-08-23T20:10:23.446505Z,text/plain; charset=utf-8,"instrument:UB1!,position:1"
2025-08-23T20:10:24.100000Z,text/plain; charset=utf-8,"instrument:UB1!,position:-1"
2025-08-23T20:10:23.445626Z,text/plain; charset=utf-8,"instrument:UB1!,position:0"
2025-08-23T20:10:23.446505Z,text/plain; charset=utf-8,"instrument:UB1!,position:1"
2025-08-23T20:10:24.100000Z,text/plain; charset=utf-8,"instrument:UB1!,position:-1"
